Country,Subject Descriptor,Units,Scale,Country/Series-specific Notes,2018,2019,2020,2021,2022,2023,2024,2025,Estimates Start After
Afghanistan,"Gross domestic product per capita, current prices",U.S. dollars,Units,"See notes for:  Gross domestic product, current prices (National currency) Population (Persons).",505.909,507.29,499.441,505.827,523.013,540.522,555.893,571.606,2019
Albania,"Gross domestic product per capita, current prices",U.S. dollars,Units,"See notes for:  Gross domestic product, current prices (National currency) Population (Persons).","5,284.44","5,323.19","4,898.28","5,160.77","5,647.78","6,217.29","6,623.23","7,054.60",2018
Algeria,"Gross domestic product per capita, current prices",U.S. dollars,Units,"See notes for:  Gross domestic product, current prices (National currency) Population (Persons).","4,080.91","3,898.01","3,331.08","3,449.42","3,512.06","3,541.22","3,581.02","3,641.01",2019
Angola,"Gross domestic product per capita, current prices",U.S. dollars,Units,"See notes for:  Gross domestic product, current prices (National currency) Population (Persons).","3,620.59","2,967.96","2,021.31","2,129.75","2,198.09","2,317.60","2,437.41","2,542.21",2017
Antigua and Barbuda,"Gross domestic product per capita, current prices",U.S. dollars,Units,"See notes for:  Gross domestic product, current prices (National currency) Population (Persons).","16,860.96","17,195.46","14,158.57","14,747.84","16,368.89","17,756.52","18,558.79","19,365.52",2011
Argentina,"Gross domestic product per capita, current prices",U.S. dollars,Units,"See notes for:  Gross domestic product, current prices (National currency) Population (Persons).","11,624.89","9,890.31","8,433.04","9,095.10","9,537.40","9,927.79","10,035.45","10,105.62",2019
Armenia,"Gross domestic product per capita, current prices",U.S. dollars,Units,"See notes for:  Gross domestic product, current prices (National currency) Population (Persons).","4,195.96","4,604.77","4,314.73","4,426.55","4,748.79","5,083.76","5,463.73","5,873.15",2015
Aruba,"Gross domestic product per capita, current prices",U.S. dollars,Units,"See notes for:  Gross domestic product, current prices (National currency) Population (Persons).","25,194.84","25,744.56","20,310.10","22,709.49","24,217.54","25,059.18","25,874.83","26,700.38",2017
Australia,"Gross domestic product per capita, current prices",U.S. dollars,Units,"See notes for:  Gross domestic product, current prices (National currency) Population (Persons).","56,453.36","54,348.23","51,885.47","57,210.82","58,724.36","60,780.61","62,704.08","64,503.29",2019
Austria,"Gross domestic product per capita, current prices",U.S. dollars,Units,"See notes for:  Gross domestic product, current prices (National currency) Population (Persons).","51,292.70","50,380.28","48,634.34","54,820.30","57,759.98","59,982.46","62,045.17","64,084.57",2019
Azerbaijan,"Gross domestic product per capita, current prices",U.S. dollars,Units,"See notes for:  Gross domestic product, current prices (National currency) Population (Persons).","4,759.80","4,813.67","4,124.86","4,403.78","4,574.51","4,747.27","4,923.15","5,104.89",2018
The Bahamas,"Gross domestic product per capita, current prices",U.S. dollars,Units,"See notes for:  Gross domestic product, current prices (National currency) Population (Persons).","34,583.83","35,664.03","30,026.74","31,531.63","33,604.15","35,278.14","36,391.60","37,249.81",2018
Bahrain,"Gross domestic product per capita, current prices",U.S. dollars,Units,"See notes for:  Gross domestic product, current prices (National currency) Population (Persons).","25,419.50","25,997.58","22,877.59","23,710.38","24,382.65","25,060.39","25,794.62","26,618.34",2019
Bangladesh,"Gross domestic product per capita, current prices",U.S. dollars,Units,"See notes for:  Gross domestic product, current prices (National currency) Population (Persons).","1,661.88","1,816.04","1,887.97","1,989.85","2,168.33","2,348.82","2,544.33","2,756.11",2013
Barbados,"Gross domestic product per capita, current prices",U.S. dollars,Units,"See notes for:  Gross domestic product, current prices (National currency) Population (Persons).","17,758.08","18,139.48","16,082.47","17,471.58","18,532.27","19,325.91","20,153.53","21,016.59",2019
Belarus,"Gross domestic product per capita, current prices",U.S. dollars,Units,"See notes for:  Gross domestic product, current prices (National currency) Population (Persons).","6,322.32","6,658.06","6,133.88","6,513.12","6,845.43","7,133.76","7,375.69","7,681.40",2019
Belgium,"Gross domestic product per capita, current prices",U.S. dollars,Units,"See notes for:  Gross domestic product, current prices (National currency) Population (Persons).","47,631.45","46,236.67","43,813.77","50,050.96","52,306.48","54,216.34","55,822.93","57,306.95",2019
Belize,"Gross domestic product per capita, current prices",U.S. dollars,Units,"See notes for:  Gross domestic product, current prices (National currency) Population (Persons).","4,700.93","4,497.99","3,733.98","3,967.92","4,161.55","4,253.70","4,344.22","4,439.12",2019
Benin,"Gross domestic product per capita, current prices",U.S. dollars,Units,"See notes for:  Gross domestic product, current prices (National currency) Population (Persons).","1,240.78","1,218.21","1,258.92","1,400.46","1,496.66","1,595.36","1,694.90","1,798.53",2017
Bhutan,"Gross domestic product per capita, current prices",U.S. dollars,Units,"See notes for:  Gross domestic product, current prices (National currency) Population (Persons).","3,413.85","3,356.78","3,431.37","3,446.53","3,680.06","3,951.92","4,288.18","4,557.83",2015
Bolivia,"Gross domestic product per capita, current prices",U.S. dollars,Units,"See notes for:  Gross domestic product, current prices (National currency) Population (Persons).","3,565.50","3,566.42","3,321.92","3,618.18","3,870.29","4,123.90","4,361.50","4,612.79",2017
Bosnia and Herzegovina,"Gross domestic product per capita, current prices",U.S. dollars,Units,"See notes for:  Gross domestic product, current prices (National currency) Population (Persons).","6,073.93","6,015.16","5,761.71","6,536.32","6,963.61","7,354.98","7,782.40","8,254.54",2018
Botswana,"Gross domestic product per capita, current prices",U.S. dollars,Units,"See notes for:  Gross domestic product, current prices (National currency) Population (Persons).","7,996.96","7,772.67","6,557.51","7,035.84","7,747.80","8,264.42","8,658.30","9,095.42",2017
Brazil,"Gross domestic product per capita, current prices",U.S. dollars,Units,"See notes for:  Gross domestic product, current prices (National currency) Population (Persons).","9,043.24","8,751.38","6,450.45","6,728.17","7,299.09","7,736.76","8,252.81","8,690.04",2019
Brunei Darussalam,"Gross domestic product per capita, current prices",U.S. dollars,Units,"See notes for:  Gross domestic product, current prices (National currency) Population (Persons).","30,668.37","29,314.11","23,116.71","26,273.52","27,914.26","28,983.01","29,857.06","30,678.49",2019
Bulgaria,"Gross domestic product per capita, current prices",U.S. dollars,Units,"See notes for:  Gross domestic product, current prices (National currency) Population (Persons).","9,466.39","9,772.15","9,826.14","11,348.85","12,276.07","13,134.60","13,988.91","14,856.26",2019
Burkina Faso,"Gross domestic product per capita, current prices",U.S. dollars,Units,"See notes for:  Gross domestic product, current prices (National currency) Population (Persons).",820.533,774.695,768.827,850.79,900.035,949.118,997.368,"1,047.52",2018
Burundi,"Gross domestic product per capita, current prices",U.S. dollars,Units,"See notes for:  Gross domestic product, current prices (National currency) Population (Persons).",284.53,269.826,263.674,267.019,269.938,273.184,276.893,281.613,2015
Cabo Verde,"Gross domestic product per capita, current prices",U.S. dollars,Units,"See notes for:  Gross domestic product, current prices (National currency) Population (Persons).","3,616.40","3,601.68","3,358.33","3,675.17","3,885.24","4,132.54","4,396.57","4,690.87",2018
Cambodia,"Gross domestic product per capita, current prices",U.S. dollars,Units,"See notes for:  Gross domestic product, current prices (National currency) Population (Persons).","1,504.26","1,620.47","1,571.92","1,680.02","1,803.11","1,937.86","2,083.75","2,233.43",2018
Cameroon,"Gross domestic product per capita, current prices",U.S. dollars,Units,"See notes for:  Gross domestic product, current prices (National currency) Population (Persons).","1,555.67","1,523.66","1,493.12","1,657.08","1,732.48","1,811.66","1,901.72","1,994.37",2010
Canada,"Gross domestic product per capita, current prices",U.S. dollars,Units,"See notes for:  Gross domestic product, current prices (National currency) Population (Persons).","46,391.05","46,271.72","42,080.05","45,870.64","48,308.05","50,520.91","52,602.94","54,726.41",2019
Central African Republic,"Gross domestic product per capita, current prices",U.S. dollars,Units,"See notes for:  Gross domestic product, current prices (National currency) Population (Persons).",488.589,479.863,480.49,521.753,554.245,586.26,617.746,650.074,2004
Chad,"Gross domestic product per capita, current prices",U.S. dollars,Units,"See notes for:  Gross domestic product, current prices (National currency) Population (Persons).",713.034,685.677,639.847,710.177,749.266,781.699,811.874,842.268,2017
Chile,"Gross domestic product per capita, current prices",U.S. dollars,Units,"See notes for:  Gross domestic product, current prices (National currency) Population (Persons).","15,903.01","14,772.11","12,612.32","14,208.69","15,282.56","16,241.74","17,111.94","17,947.19",2019
China,"Gross domestic product per capita, current prices",U.S. dollars,Units,"See notes for:  Gross domestic product, current prices (National currency) Population (Persons).","9,919.81","10,286.58","10,582.10","11,712.85","12,706.83","13,799.14","14,981.57","16,242.18",2018
Colombia,"Gross domestic product per capita, current prices",U.S. dollars,Units,"See notes for:  Gross domestic product, current prices (National currency) Population (Persons).","6,692.12","6,423.18","5,207.24","5,456.71","5,713.40","5,999.32","6,299.50","6,614.74",2019
Comoros,"Gross domestic product per capita, current prices",U.S. dollars,Units,"See notes for:  Gross domestic product, current prices (National currency) Population (Persons).","1,386.01","1,362.42","1,336.95","1,431.08","1,486.16","1,541.03","1,594.49","1,651.21",2015
Democratic Republic of the Congo,"Gross domestic product per capita, current prices",U.S. dollars,Units,"See notes for:  Gross domestic product, current prices (National currency) Population (Persons).",495.635,508.953,456.892,477.888,489.987,502.834,517.742,532.956,2019
Republic of Congo,"Gross domestic product per capita, current prices",U.S. dollars,Units,"See notes for:  Gross domestic product, current prices (National currency) Population (Persons).","3,007.47","2,745.80","2,128.23","2,271.21","2,344.16","2,427.76","2,479.09","2,544.13",2017
Costa Rica,"Gross domestic product per capita, current prices",U.S. dollars,Units,"See notes for:  Gross domestic product, current prices (National currency) Population (Persons).","12,123.96","12,243.84","11,629.01","11,804.69","12,415.74","13,002.83","13,605.12","14,252.44",2019
Côte d'Ivoire,"Gross domestic product per capita, current prices",U.S. dollars,Units,"See notes for:  Gross domestic product, current prices (National currency) Population (Persons).","2,254.10","2,229.56","2,281.42","2,570.76","2,732.01","2,882.05","3,045.35","3,217.92",2015
Croatia,"Gross domestic product per capita, current prices",U.S. dollars,Units,"See notes for:  Gross domestic product, current prices (National currency) Population (Persons).","14,915.87","14,853.02","14,033.24","16,401.47","17,792.74","19,101.83","20,428.34","21,542.01",2019
Cyprus,"Gross domestic product per capita, current prices",U.S. dollars,Units,"See notes for:  Gross domestic product, current prices (National currency) Population (Persons).","28,897.32","28,049.01","26,240.05","29,685.75","31,147.89","32,535.27","33,668.39","34,830.19",2019
Czech Republic,"Gross domestic product per capita, current prices",U.S. dollars,Units,"See notes for:  Gross domestic product, current prices (National currency) Population (Persons).","23,459.70","23,538.52","22,627.47","25,990.63","27,782.66","29,463.50","30,952.21","32,288.88",2019
Denmark,"Gross domestic product per capita, current prices",U.S. dollars,Units,"See notes for:  Gross domestic product, current prices (National currency) Population (Persons).","61,522.85","59,770.32","58,438.85","63,644.75","66,545.87","69,355.24","72,178.05","75,091.41",2019
Djibouti,"Gross domestic product per capita, current prices",U.S. dollars,Units,"See notes for:  Gross domestic product, current prices (National currency) Population (Persons).","2,872.07","3,103.02","3,074.33","3,275.14","3,464.27","3,660.74","3,850.18","4,049.43",2018
Dominica,"Gross domestic product per capita, current prices",U.S. dollars,Units,"See notes for:  Gross domestic product, current prices (National currency) Population (Persons).","7,541.63","8,305.39","7,708.72","8,110.57","8,539.46","8,974.29","9,314.23","9,643.02",2011
Dominican Republic,"Gross domestic product per capita, current prices",U.S. dollars,Units,"See notes for:  Gross domestic product, current prices (National currency) Population (Persons).","8,340.96","8,595.61","7,444.80","7,740.11","8,459.31","8,960.43","9,525.66","10,132.16",2018
Ecuador,"Gross domestic product per capita, current prices",U.S. dollars,Units,"See notes for:  Gross domestic product, current prices (National currency) Population (Persons).","6,318.48","6,221.67","5,315.52","5,589.24","5,709.29","5,806.70","5,916.57","6,043.32",2018
Egypt,"Gross domestic product per capita, current prices",U.S. dollars,Units,"See notes for:  Gross domestic product, current prices (National currency) Population (Persons).","2,577.27","3,043.64","3,561.14","3,606.29","3,706.00","3,859.27","4,016.67","4,212.44",2018
El Salvador,"Gross domestic product per capita, current prices",U.S. dollars,Units,"See notes for:  Gross domestic product, current prices (National currency) Population (Persons).","4,067.66","4,186.96","3,821.29","4,023.23","4,195.15","4,346.25","4,481.83","4,610.24",2018
Equatorial Guinea,"Gross domestic product per capita, current prices",U.S. dollars,Units,"See notes for:  Gross domestic product, current prices (National currency) Population (Persons).","10,365.49","8,689.95","7,131.16","8,000.28","7,760.13","7,727.18","7,675.72","7,568.58",2015
Eritrea,"Gross domestic product per capita, current prices",U.S. dollars,Units,"See notes for:  Gross domestic product, current prices (National currency) Population (Persons).",580.845,566.731,585.158,632.409,655.455,680.185,706.341,733.909,2006
Estonia,"Gross domestic product per capita, current prices",U.S. dollars,Units,"See notes for:  Gross domestic product, current prices (National currency) Population (Persons).","23,181.22","23,757.62","22,985.86","26,377.58","28,245.30","29,871.40","31,493.96","33,128.83",2019
Eswatini,"Gross domestic product per capita, current prices",U.S. dollars,Units,"See notes for:  Gross domestic product, current prices (National currency) Population (Persons).","4,267.11","4,113.89","3,414.81","3,697.21","4,101.99","4,184.62","4,312.20","4,458.00",2017
Ethiopia,"Gross domestic product per capita, current prices",U.S. dollars,Units,"See notes for:  Gross domestic product, current prices (National currency) Population (Persons).",852.011,960.765,974.088,917.884,928.122,974.433,"1,069.20","1,165.72",2016
Fiji,"Gross domestic product per capita, current prices",U.S. dollars,Units,"See notes for:  Gross domestic product, current prices (National currency) Population (Persons).","6,222.57","6,043.01","4,370.89","4,822.39","5,333.52","5,708.54","6,051.74","6,304.53",2017
Finland,"Gross domestic product per capita, current prices",U.S. dollars,Units,"See notes for:  Gross domestic product, current prices (National currency) Population (Persons).","50,074.88","48,809.55","48,461.48","54,816.90","57,381.16","59,655.97","61,640.40","63,622.00",2019
France,"Gross domestic product per capita, current prices",U.S. dollars,Units,"See notes for:  Gross domestic product, current prices (National currency) Population (Persons).","43,083.48","41,896.58","39,257.43","44,769.80","46,833.62","48,579.22","50,206.14","51,768.64",2019
Gabon,"Gross domestic product per capita, current prices",U.S. dollars,Units,"See notes for:  Gross domestic product, current prices (National currency) Population (Persons).","8,220.49","8,111.34","7,185.42","7,784.53","8,276.12","8,765.90","9,354.22","9,936.01",2004
The Gambia,"Gross domestic product per capita, current prices",U.S. dollars,Units,"See notes for:  Gross domestic product, current prices (National currency) Population (Persons).",729.035,774.206,746.329,808.584,841.922,905.58,968.308,"1,019.33",2018
Georgia,"Gross domestic product per capita, current prices",U.S. dollars,Units,"See notes for:  Gross domestic product, current prices (National currency) Population (Persons).","4,718.79","4,765.09","4,405.27","4,714.28","5,144.23","5,604.05","6,093.03","6,611.12",2015
Germany,"Gross domestic product per capita, current prices",U.S. dollars,Units,"See notes for:  Gross domestic product, current prices (National currency) Population (Persons).","47,832.06","46,472.62","45,466.12","51,967.33","54,875.57","56,966.92","58,849.03","60,890.48",2019
Ghana,"Gross domestic product per capita, current prices",U.S. dollars,Units,"See notes for:  Gross domestic product, current prices (National currency) Population (Persons).","2,216.84","2,220.82","2,187.79","2,299.88","2,393.66","2,538.87","2,623.14","2,720.44",2018
Greece,"Gross domestic product per capita, current prices",U.S. dollars,Units,"See notes for:  Gross domestic product, current prices (National currency) Population (Persons).","20,317.89","19,569.53","18,168.34","20,520.69","22,143.09","23,526.98","24,633.75","25,441.14",2019
Grenada,"Gross domestic product per capita, current prices",U.S. dollars,Units,"See notes for:  Gross domestic product, current prices (National currency) Population (Persons).","10,791.29","11,193.46","9,824.34","10,211.11","10,887.07","11,617.79","12,202.12","12,735.77",2016
Guatemala,"Gross domestic product per capita, current prices",U.S. dollars,Units,"See notes for:  Gross domestic product, current prices (National currency) Population (Persons).","4,235.78","4,354.34","4,239.67","4,384.93","4,514.73","4,654.43","4,870.26","5,099.62",2019
Guinea,"Gross domestic product per capita, current prices",U.S. dollars,Units,"See notes for:  Gross domestic product, current prices (National currency) Population (Persons).",916.223,"1,012.50","1,019.41","1,066.84","1,130.48","1,183.04","1,233.61","1,286.70",2014
Guinea-Bissau,"Gross domestic product per capita, current prices",U.S. dollars,Units,"See notes for:  Gross domestic product, current prices (National currency) Population (Persons).",866.451,810.558,766.749,843.473,888.42,942.862,997.536,"1,055.72",2017
Guyana,"Gross domestic product per capita, current prices",U.S. dollars,Units,"See notes for:  Gross domestic product, current prices (National currency) Population (Persons).","6,120.54","6,594.38","8,648.55","9,912.70","13,268.00","16,641.02","17,227.44","17,627.71",2019
Haiti,"Gross domestic product per capita, current prices",U.S. dollars,Units,"See notes for:  Gross domestic product, current prices (National currency) Population (Persons).",868.28,772.863,732.066,697.488,712.581,728.209,745.254,764.584,0
Honduras,"Gross domestic product per capita, current prices",U.S. dollars,Units,"See notes for:  Gross domestic product, current prices (National currency) Population (Persons).","2,479.07","2,550.67","2,412.44","2,592.76","2,690.15","2,809.92","2,946.89","3,099.73",2019
Hong Kong SAR,"Gross domestic product per capita, current prices",U.S. dollars,Units,"See notes for:  Gross domestic product, current prices (National currency) Population (Persons).","48,313.86","48,626.58","45,175.73","47,989.62","50,849.55","53,191.25","55,615.10","58,231.46",2019
Hungary,"Gross domestic product per capita, current prices",U.S. dollars,Units,"See notes for:  Gross domestic product, current prices (National currency) Population (Persons).","16,146.75","16,469.61","15,372.89","17,644.53","19,032.16","20,387.92","21,645.32","22,825.73",2019
Iceland,"Gross domestic product per capita, current prices",U.S. dollars,Units,"See notes for:  Gross domestic product, current prices (National currency) Population (Persons).","73,868.07","67,857.18","57,189.03","58,370.63","59,095.14","59,651.52","60,829.43","63,995.65",2018
India,"Gross domestic product per capita, current prices",U.S. dollars,Units,"See notes for:  Gross domestic product, current prices (National currency) Population (Persons).","2,005.86","2,097.78","1,876.53","2,030.62","2,195.14","2,366.56","2,544.26","2,729.24",2013
Indonesia,"Gross domestic product per capita, current prices",U.S. dollars,Units,"See notes for:  Gross domestic product, current prices (National currency) Population (Persons).","3,947.13","4,196.67","4,038.40","4,287.19","4,557.23","4,834.01","5,122.04","5,428.87",2019
Islamic Republic of Iran,"Gross domestic product per capita, current prices",U.S. dollars,Units,"See notes for:  Gross domestic product, current prices (National currency) Population (Persons).","5,288.86","7,009.76","7,256.95","7,667.57","7,986.32","8,215.53","8,418.00","8,648.41",2019
Iraq,"Gross domestic product per capita, current prices",U.S. dollars,Units,"See notes for:  Gross domestic product, current prices (National currency) Population (Persons).","5,919.21","5,883.68","4,438.12","4,766.61","4,928.84","5,122.37","5,219.52","5,315.96",2013
Ireland,"Gross domestic product per capita, current prices",U.S. dollars,Units,"See notes for:  Gross domestic product, current prices (National currency) Population (Persons).","79,133.17","80,504.40","79,668.50","90,478.08","96,391.21","101,923.03","107,192.00","112,518.85",2019
Israel,"Gross domestic product per capita, current prices",U.S. dollars,Units,"See notes for:  Gross domestic product, current prices (National currency) Population (Persons).","41,720.58","43,603.01","41,559.51","43,439.38","44,805.97","46,252.61","47,693.47","49,091.89",2019
Italy,"Gross domestic product per capita, current prices",U.S. dollars,Units,"See notes for:  Gross domestic product, current prices (National currency) Population (Persons).","34,500.21","33,159.07","30,657.30","35,061.62","36,689.82","37,915.91","38,820.75","39,738.45",2019
Jamaica,"Gross domestic product per capita, current prices",U.S. dollars,Units,"See notes for:  Gross domestic product, current prices (National currency) Population (Persons).","5,730.91","5,826.09","5,220.81","5,643.23","5,986.02","6,297.88","6,595.53","6,886.70",2019
Japan,"Gross domestic product per capita, current prices",U.S. dollars,Units,"See notes for:  Gross domestic product, current prices (National currency) Population (Persons).","39,150.28","40,255.94","39,047.86","40,733.02","42,777.20","45,294.90","47,302.92","48,882.81",2019
Jordan,"Gross domestic product per capita, current prices",U.S. dollars,Units,"See notes for:  Gross domestic product, current prices (National currency) Population (Persons).","4,341.04","4,425.69","4,173.85","4,347.00","4,526.03","4,747.44","4,994.51","5,255.70",2018
Kazakhstan,"Gross domestic product per capita, current prices",U.S. dollars,Units,"See notes for:  Gross domestic product, current prices (National currency) Population (Persons).","9,749.07","9,750.17","8,781.87","9,454.35","10,306.85","11,366.28","12,190.81","13,087.10",2018
Kenya,"Gross domestic product per capita, current prices",U.S. dollars,Units,"See notes for:  Gross domestic product, current prices (National currency) Population (Persons).","1,888.20","2,004.42","2,075.22","2,122.08","2,234.37","2,347.26","2,465.97","2,593.33",2019
Kiribati,"Gross domestic product per capita, current prices",U.S. dollars,Units,"See notes for:  Gross domestic product, current prices (National currency) Population (Persons).","1,718.78","1,672.38","1,638.45","1,816.60","1,850.21","1,899.24","1,942.48","1,987.77",2017
Korea,"Gross domestic product per capita, current prices",U.S. dollars,Units,"See notes for:  Gross domestic product, current prices (National currency) Population (Persons).","33,422.94","31,846.22","30,644.43","32,305.25","34,011.76","35,682.61","37,405.25","39,113.24",2018
Kosovo,"Gross domestic product per capita, current prices",U.S. dollars,Units,"See notes for:  Gross domestic product, current prices (National currency) Population (Persons).","4,432.56","4,428.70","4,141.44","4,753.06","5,020.53","5,285.15","5,558.08","5,846.15",0
Kuwait,"Gross domestic product per capita, current prices",U.S. dollars,Units,"See notes for:  Gross domestic product, current prices (National currency) Population (Persons).","30,442.12","28,499.79","22,252.43","23,138.08","23,773.59","24,250.79","24,700.70","25,265.21",2018
Kyrgyz Republic,"Gross domestic product per capita, current prices",U.S. dollars,Units,"See notes for:  Gross domestic product, current prices (National currency) Population (Persons).","1,321.95","1,323.47","1,147.81","1,269.98","1,359.32","1,445.40","1,501.44","1,560.24",2019
Lao P.D.R.,"Gross domestic product per capita, current prices",U.S. dollars,Units,"See notes for:  Gross domestic product, current prices (National currency) Population (Persons).","2,567.89","2,660.75","2,567.01","2,614.12","2,756.12","2,911.11","3,073.89","3,253.70",2018
Latvia,"Gross domestic product per capita, current prices",U.S. dollars,Units,"See notes for:  Gross domestic product, current prices (National currency) Population (Persons).","17,747.01","17,771.63","17,230.14","19,933.77","21,570.62","23,201.14","24,599.64","25,938.45",2019
Lebanon,"Gross domestic product per capita, current prices",U.S. dollars,Units,"See notes for:  Gross domestic product, current prices (National currency) Population (Persons).","8,012.54","7,661.07","2,744.76",n/a,n/a,n/a,n/a,n/a,2012
Lesotho,"Gross domestic product per capita, current prices",U.S. dollars,Units,"See notes for:  Gross domestic product, current prices (National currency) Population (Persons).","1,215.15","1,185.40",924.208,"1,018.32","1,157.50","1,242.60","1,279.95","1,323.35",2016
Liberia,"Gross domestic product per capita, current prices",U.S. dollars,Units,"See notes for:  Gross domestic product, current prices (National currency) Population (Persons).",731.317,693.818,653.597,646.256,659.038,675.598,695.821,721.805,2016
Libya,"Gross domestic product per capita, current prices",U.S. dollars,Units,"See notes for:  Gross domestic product, current prices (National currency) Population (Persons).","6,361.58","6,055.46","3,282.04","4,732.70","6,338.52","7,238.05","7,891.84","8,610.33",2017
Lithuania,"Gross domestic product per capita, current prices",U.S. dollars,Units,"See notes for:  Gross domestic product, current prices (National currency) Population (Persons).","19,089.28","19,482.14","19,883.07","22,751.74","24,411.17","25,940.81","27,301.06","28,674.00",2019
Luxembourg,"Gross domestic product per capita, current prices",U.S. dollars,Units,"See notes for:  Gross domestic product, current prices (National currency) Population (Persons).","117,859.72","115,838.77","109,602.32","125,922.64","131,701.05","136,246.00","139,729.08","143,165.97",2018
Macao SAR,"Gross domestic product per capita, current prices",U.S. dollars,Units,"See notes for:  Gross domestic product, current prices (National currency) Population (Persons).","82,535.64","79,251.49","38,769.20","48,207.05","62,600.62","78,323.67","85,921.85","92,367.27",2019
Madagascar,"Gross domestic product per capita, current prices",U.S. dollars,Units,"See notes for:  Gross domestic product, current prices (National currency) Population (Persons).",528.481,525.296,514.854,554.384,599.057,628.18,658.443,689.199,2010
Malawi,"Gross domestic product per capita, current prices",U.S. dollars,Units,"See notes for:  Gross domestic product, current prices (National currency) Population (Persons).",350.441,377.72,399.097,397.311,400.347,402.735,407.572,413.16,2011
Malaysia,"Gross domestic product per capita, current prices",U.S. dollars,Units,"See notes for:  Gross domestic product, current prices (National currency) Population (Persons).","11,077.43","11,193.02","10,192.46","11,378.44","12,205.50","13,084.08","13,911.19","14,765.67",2019
Maldives,"Gross domestic product per capita, current prices",U.S. dollars,Units,"See notes for:  Gross domestic product, current prices (National currency) Population (Persons).","14,552.21","15,504.71","12,464.37","14,193.98","15,807.09","17,054.87","18,255.48","19,404.41",2014
Mali,"Gross domestic product per capita, current prices",U.S. dollars,Units,"See notes for:  Gross domestic product, current prices (National currency) Population (Persons).",915.638,907.252,899.223,992.307,"1,051.93","1,099.17","1,144.97","1,179.76",2017
Malta,"Gross domestic product per capita, current prices",U.S. dollars,Units,"See notes for:  Gross domestic product, current prices (National currency) Population (Persons).","31,023.60","30,374.22","28,468.65","32,099.28","34,349.21","36,372.08","38,574.27","40,955.52",2019
Marshall Islands,"Gross domestic product per capita, current prices",U.S. dollars,Units,"See notes for:  Gross domestic product, current prices (National currency) Population (Persons).","4,055.98","4,325.68","4,070.62","4,091.80","4,306.21","4,472.57","4,631.75","4,787.18",2018
Mauritania,"Gross domestic product per capita, current prices",U.S. dollars,Units,"See notes for:  Gross domestic product, current prices (National currency) Population (Persons).","1,775.32","1,872.59","1,790.95","1,781.53","1,826.10","1,913.47","1,992.01","2,038.54",2014
Mauritius,"Gross domestic product per capita, current prices",U.S. dollars,Units,"See notes for:  Gross domestic product, current prices (National currency) Population (Persons).","11,205.90","11,090.43","8,950.70","9,629.78","10,622.37","11,166.76","11,599.98","12,037.73",2018
Mexico,"Gross domestic product per capita, current prices",U.S. dollars,Units,"See notes for:  Gross domestic product, current prices (National currency) Population (Persons).","9,687.01","9,862.44","8,069.10","8,402.50","8,707.95","9,017.74","9,329.81","9,651.74",2019
Micronesia,"Gross domestic product per capita, current prices",U.S. dollars,Units,"See notes for:  Gross domestic product, current prices (National currency) Population (Persons).","3,928.14","4,044.88","3,854.74","3,995.09","4,094.92","4,197.25","4,302.13","4,409.64",2018
Moldova,"Gross domestic product per capita, current prices",U.S. dollars,Units,"See notes for:  Gross domestic product, current prices (National currency) Population (Persons).","4,141.84","4,458.19","4,267.73","4,527.33","4,869.65","5,257.72","5,683.52","6,134.31",2019
Mongolia,"Gross domestic product per capita, current prices",U.S. dollars,Units,"See notes for:  Gross domestic product, current prices (National currency) Population (Persons).","4,056.73","4,201.82","3,989.93","4,139.33","4,397.50","4,667.33","4,932.42","5,199.57",2019
Montenegro,"Gross domestic product per capita, current prices",U.S. dollars,Units,"See notes for:  Gross domestic product, current prices (National currency) Population (Persons).","8,854.78","8,825.69","7,933.43","9,152.39","9,738.63","10,226.75","10,715.35","11,231.65",2019
Morocco,"Gross domestic product per capita, current prices",U.S. dollars,Units,"See notes for:  Gross domestic product, current prices (National currency) Population (Persons).","3,348.14","3,331.76","3,121.38","3,408.59","3,553.17","3,710.23","3,875.58","4,056.16",2018
Mozambique,"Gross domestic product per capita, current prices",U.S. dollars,Units,"See notes for:  Gross domestic product, current prices (National currency) Population (Persons).",484.87,487.687,455.014,430.521,447.355,486.573,543.234,607.413,2015
Myanmar,"Gross domestic product per capita, current prices",U.S. dollars,Units,"See notes for:  Gross domestic product, current prices (National currency) Population (Persons).","1,271.68","1,299.22","1,332.55","1,441.12","1,566.89","1,701.43","1,848.70","2,010.21",2015
Namibia,"Gross domestic product per capita, current prices",U.S. dollars,Units,"See notes for:  Gross domestic product, current prices (National currency) Population (Persons).","5,609.91","5,072.37","4,051.93","4,411.84","4,754.34","4,900.39","5,061.51","5,202.51",2019
Nauru,"Gross domestic product per capita, current prices",U.S. dollars,Units,"See notes for:  Gross domestic product, current prices (National currency) Population (Persons).","9,398.51","9,365.10","8,866.87","9,865.06","10,115.29","10,201.82","10,232.88","10,182.55",2016
Nepal,"Gross domestic product per capita, current prices",U.S. dollars,Units,"See notes for:  Gross domestic product, current prices (National currency) Population (Persons).","1,033.91","1,078.56","1,115.56","1,165.82","1,260.14","1,349.09","1,435.18","1,526.58",2018
Netherlands,"Gross domestic product per capita, current prices",U.S. dollars,Units,"See notes for:  Gross domestic product, current prices (National currency) Population (Persons).","53,224.69","52,646.19","51,289.57","58,029.30","60,538.57","62,735.61","64,756.17","66,877.49",2019
New Zealand,"Gross domestic product per capita, current prices",U.S. dollars,Units,"See notes for:  Gross domestic product, current prices (National currency) Population (Persons).","42,602.54","41,666.64","38,675.32","41,793.28","43,192.93","44,901.87","46,427.90","48,042.98",2019
Nicaragua,"Gross domestic product per capita, current prices",U.S. dollars,Units,"See notes for:  Gross domestic product, current prices (National currency) Population (Persons).","2,022.14","1,920.29","1,832.50","1,828.43","1,867.47","1,894.34","1,917.83","1,952.54",2017
Niger,"Gross domestic product per capita, current prices",U.S. dollars,Units,"See notes for:  Gross domestic product, current prices (National currency) Population (Persons).",572.687,553.916,535.831,567.395,628.739,686.747,718.438,748.471,2009
Nigeria,"Gross domestic product per capita, current prices",U.S. dollars,Units,"See notes for:  Gross domestic product, current prices (National currency) Population (Persons).","2,032.73","2,229.85","2,148.91","2,208.50","2,451.52","2,709.13","2,990.52","3,296.76",2012
North Macedonia,"Gross domestic product per capita, current prices",U.S. dollars,Units,"See notes for:  Gross domestic product, current prices (National currency) Population (Persons).","6,085.76","6,109.03","6,018.78","6,933.07","7,463.56","7,959.64","8,442.32","8,923.66",2019
Norway,"Gross domestic product per capita, current prices",U.S. dollars,Units,"See notes for:  Gross domestic product, current prices (National currency) Population (Persons).","81,549.98","75,294.43","67,988.59","76,408.03","79,684.26","82,401.29","84,700.11","87,286.11",2018
Oman,"Gross domestic product per capita, current prices",U.S. dollars,Units,"See notes for:  Gross domestic product, current prices (National currency) Population (Persons).","19,092.53","18,198.31","14,423.37","14,674.53","15,803.94","16,126.32","16,485.40","16,791.70",2018
Pakistan,"Gross domestic product per capita, current prices",U.S. dollars,Units,"See notes for:  Gross domestic product, current prices (National currency) Population (Persons).","1,557.89","1,348.68",n/a,n/a,n/a,n/a,n/a,n/a,2020
Palau,"Gross domestic product per capita, current prices",U.S. dollars,Units,"See notes for:  Gross domestic product, current prices (National currency) Population (Persons).","16,264.86","16,064.02","14,232.72","13,179.50","14,536.99","16,347.42","16,806.44","17,312.30",2018
Panama,"Gross domestic product per capita, current prices",U.S. dollars,Units,"See notes for:  Gross domestic product, current prices (National currency) Population (Persons).","15,660.39","15,834.04","14,090.50","14,390.01","14,981.83","15,730.92","16,517.46","17,343.34",2019
Papua New Guinea,"Gross domestic product per capita, current prices",U.S. dollars,Units,"See notes for:  Gross domestic product, current prices (National currency) Population (Persons).","2,853.24","2,884.33","2,651.52","2,595.61","2,608.44","2,692.41","2,755.57","2,826.20",2014
Paraguay,"Gross domestic product per capita, current prices",U.S. dollars,Units,"See notes for:  Gross domestic product, current prices (National currency) Population (Persons).","5,725.90","5,233.39","4,909.39","5,207.02","5,523.76","5,832.95","6,118.50","6,392.64",2018
Peru,"Gross domestic product per capita, current prices",U.S. dollars,Units,"See notes for:  Gross domestic product, current prices (National currency) Population (Persons).","7,003.52","6,957.86","5,844.69","6,229.42","6,570.94","6,931.88","7,235.48","7,542.16",2018
Philippines,"Gross domestic product per capita, current prices",U.S. dollars,Units,"See notes for:  Gross domestic product, current prices (National currency) Population (Persons).","3,279.52","3,511.94","3,372.53","3,601.87","3,858.23","4,151.21","4,466.11","4,805.84",2019
Poland,"Gross domestic product per capita, current prices",U.S. dollars,Units,"See notes for:  Gross domestic product, current prices (National currency) Population (Persons).","15,460.78","15,600.66","15,303.54","16,739.73","18,253.59","19,804.11","21,285.25","22,720.37",2019
Portugal,"Gross domestic product per capita, current prices",U.S. dollars,Units,"See notes for:  Gross domestic product, current prices (National currency) Population (Persons).","23,472.27","23,132.46","21,608.35","25,096.95","26,964.00","28,338.36","29,463.12","30,516.89",2019
Puerto Rico,"Gross domestic product per capita, current prices",U.S. dollars,Units,"See notes for:  Gross domestic product, current prices (National currency) Population (Persons).","31,603.41","32,595.17","30,113.31","31,206.63","32,217.08","33,015.72","33,699.48","34,407.54",2018
Qatar,"Gross domestic product per capita, current prices",U.S. dollars,Units,"See notes for:  Gross domestic product, current prices (National currency) Population (Persons).","66,421.62","62,918.85","52,751.11","55,417.22","58,955.88","61,365.15","64,420.24","67,498.93",2018
Romania,"Gross domestic product per capita, current prices",U.S. dollars,Units,"See notes for:  Gross domestic product, current prices (National currency) Population (Persons).","12,371.66","12,887.06","12,813.11","14,916.09","16,130.32","17,368.80","18,581.43","19,839.74",2019
Russia,"Gross domestic product per capita, current prices",U.S. dollars,Units,"See notes for:  Gross domestic product, current prices (National currency) Population (Persons).","11,344.98","11,601.42","9,972.50","10,792.47","11,334.66","11,861.39","12,393.21","12,973.27",2019
Rwanda,"Gross domestic product per capita, current prices",U.S. dollars,Units,"See notes for:  Gross domestic product, current prices (National currency) Population (Persons).",795.755,816.358,823.402,819.648,864.67,935.864,999.116,"1,056.77",2012
Samoa,"Gross domestic product per capita, current prices",U.S. dollars,Units,"See notes for:  Gross domestic product, current prices (National currency) Population (Persons).","4,192.59","4,230.59","4,083.81","4,052.97","4,210.77","4,357.22","4,510.21","4,667.35",2016
San Marino,"Gross domestic product per capita, current prices",U.S. dollars,Units,"See notes for:  Gross domestic product, current prices (National currency) Population (Persons).","49,477.28","47,621.71","41,682.81","44,676.33","46,272.68","47,201.97","47,759.26","48,683.51",2018
São Tomé and Príncipe,"Gross domestic product per capita, current prices",U.S. dollars,Units,"See notes for:  Gross domestic product, current prices (National currency) Population (Persons).","1,988.72","1,980.35","1,911.89","2,132.98","2,299.64","2,437.88","2,574.11","2,716.07",2011
Saudi Arabia,"Gross domestic product per capita, current prices",U.S. dollars,Units,"See notes for:  Gross domestic product, current prices (National currency) Population (Persons).","23,538.93","23,266.49","19,586.50","20,741.88","21,488.35","22,061.20","22,680.70","23,322.94",2019
Senegal,"Gross domestic product per capita, current prices",U.S. dollars,Units,"See notes for:  Gross domestic product, current prices (National currency) Population (Persons).","1,466.10","1,445.89","1,455.47","1,629.43","1,724.42","1,926.58","2,062.40","2,158.36",2018
Serbia,"Gross domestic product per capita, current prices",U.S. dollars,Units,"See notes for:  Gross domestic product, current prices (National currency) Population (Persons).","7,246.19","7,382.39","7,497.14","8,444.02","9,215.83","9,913.16","10,619.45","11,391.96",2019
Seychelles,"Gross domestic product per capita, current prices",U.S. dollars,Units,"See notes for:  Gross domestic product, current prices (National currency) Population (Persons).","16,535.81","17,126.51","12,322.59","12,648.06","14,356.23","16,173.75","17,792.27","18,861.65",2015
Sierra Leone,"Gross domestic product per capita, current prices",U.S. dollars,Units,"See notes for:  Gross domestic product, current prices (National currency) Population (Persons).",533.972,539.122,518.466,470.972,468.842,472.882,480.67,494.269,2017
Singapore,"Gross domestic product per capita, current prices",U.S. dollars,Units,"See notes for:  Gross domestic product, current prices (National currency) Population (Persons).","66,185.53","65,233.88","58,483.96","62,112.95","64,217.44","66,383.76","68,555.02","70,766.32",2019
Slovak Republic,"Gross domestic product per capita, current prices",U.S. dollars,Units,"See notes for:  Gross domestic product, current prices (National currency) Population (Persons).","19,449.96","19,344.17","18,669.30","21,606.17","23,307.26","24,743.67","25,969.77","27,172.06",2019
Slovenia,"Gross domestic product per capita, current prices",U.S. dollars,Units,"See notes for:  Gross domestic product, current prices (National currency) Population (Persons).","26,154.80","25,992.07","25,038.79","28,734.21","30,628.82","32,313.32","33,910.26","35,474.43",2019
Solomon Islands,"Gross domestic product per capita, current prices",U.S. dollars,Units,"See notes for:  Gross domestic product, current prices (National currency) Population (Persons).","2,527.65","2,493.52","2,367.23","2,501.29","2,624.86","2,753.71","2,878.16","3,003.95",2015
Somalia,"Gross domestic product per capita, current prices",U.S. dollars,Units,,,,,,,,,,
South Africa,"Gross domestic product per capita, current prices",U.S. dollars,Units,"See notes for:  Gross domestic product, current prices (National currency) Population (Persons).","6,353.85","5,977.95","4,735.75","5,235.79","5,634.56","5,814.02","6,070.66","6,320.22",2019
South Sudan,"Gross domestic product per capita, current prices",U.S. dollars,Units,"See notes for:  Gross domestic product, current prices (National currency) Population (Persons).",359.062,368.839,303.146,322.64,341.201,353.464,366.784,364.962,2008
Spain,"Gross domestic product per capita, current prices",U.S. dollars,Units,"See notes for:  Gross domestic product, current prices (National currency) Population (Persons).","30,579.15","29,993.06","26,831.63","31,178.18","33,208.72","34,919.32","36,409.50","37,477.78",2019
Sri Lanka,"Gross domestic product per capita, current prices",U.S. dollars,Units,"See notes for:  Gross domestic product, current prices (National currency) Population (Persons).","4,078.68","3,852.48","3,697.89","3,927.50","4,197.94","4,472.16","4,769.52","5,095.48",2019
St. Kitts and Nevis,"Gross domestic product per capita, current prices",U.S. dollars,Units,"See notes for:  Gross domestic product, current prices (National currency) Population (Persons).","18,060.37","18,853.68","15,246.40","16,490.62","17,765.43","18,774.56","19,466.61","20,186.47",2015
St. Lucia,"Gross domestic product per capita, current prices",U.S. dollars,Units,"See notes for:  Gross domestic product, current prices (National currency) Population (Persons).","11,560.86","11,803.10","9,780.50","10,635.59","11,422.47","12,111.74","12,502.25","12,905.76",2015
St. Vincent and the Grenadines,"Gross domestic product per capita, current prices",U.S. dollars,Units,"See notes for:  Gross domestic product, current prices (National currency) Population (Persons).","7,353.64","7,463.97","7,033.08","7,400.79","7,806.21","8,232.06","8,617.72","9,020.36",2016
Sudan,"Gross domestic product per capita, current prices",U.S. dollars,Units,"See notes for:  Gross domestic product, current prices (National currency) Population (Persons).",849.847,771.814,734.597,713.787,682.671,682.86,688.98,701.225,2011
Suriname,"Gross domestic product per capita, current prices",U.S. dollars,Units,"See notes for:  Gross domestic product, current prices (National currency) Population (Persons).","5,871.20","6,191.28","4,199.16","4,921.23","5,154.35","5,389.04","5,638.59","5,852.01",2016
Sweden,"Gross domestic product per capita, current prices",U.S. dollars,Units,"See notes for:  Gross domestic product, current prices (National currency) Population (Persons).","54,295.73","51,404.43","50,339.20","57,659.73","60,461.79","63,124.14","65,953.62","68,745.43",2019
Switzerland,"Gross domestic product per capita, current prices",U.S. dollars,Units,"See notes for:  Gross domestic product, current prices (National currency) Population (Persons).","83,158.27","82,483.93","81,867.46","90,357.80","94,004.04","96,480.21","100,277.31","103,005.71",2019
Syria,"Gross domestic product per capita, current prices",U.S. dollars,Units,"See notes for:  Gross domestic product, current prices (National currency) Population (Persons).",n/a,n/a,n/a,n/a,n/a,n/a,n/a,n/a,2010
Taiwan Province of China,"Gross domestic product per capita, current prices",U.S. dollars,Units,"See notes for:  Gross domestic product, current prices (National currency) Population (Persons).","25,780.41","25,873.37","26,910.23","28,889.47","30,432.81","32,058.01","33,785.37","35,305.24",2019
Tajikistan,"Gross domestic product per capita, current prices",U.S. dollars,Units,"See notes for:  Gross domestic product, current prices (National currency) Population (Persons).",825.77,873.499,833.545,851.279,884.275,914.473,946.746,983.009,2014
Tanzania,"Gross domestic product per capita, current prices",U.S. dollars,Units,"See notes for:  Gross domestic product, current prices (National currency) Population (Persons).","1,036.93","1,079.68","1,105.55","1,132.13","1,189.05","1,254.91","1,327.95","1,406.44",2012
Thailand,"Gross domestic product per capita, current prices",U.S. dollars,Units,"See notes for:  Gross domestic product, current prices (National currency) Population (Persons).","7,293.83","7,806.96","7,295.13","7,674.54","8,124.93","8,556.18","9,019.66","9,475.79",2018
Timor-Leste,"Gross domestic product per capita, current prices",U.S. dollars,Units,"See notes for:  Gross domestic product, current prices (National currency) Population (Persons).","1,237.10","1,252.42","1,456.05","1,273.12","1,295.19","1,330.52","1,338.45","1,375.11",2018
Togo,"Gross domestic product per capita, current prices",U.S. dollars,Units,"See notes for:  Gross domestic product, current prices (National currency) Population (Persons).",679.222,675.304,690.275,758.742,801.629,847.899,898.398,951.107,2016
Tonga,"Gross domestic product per capita, current prices",U.S. dollars,Units,"See notes for:  Gross domestic product, current prices (National currency) Population (Persons).","4,836.44","5,150.55","5,023.17","4,949.23","5,332.63","5,637.57","5,910.02","6,154.47",2019
Trinidad and Tobago,"Gross domestic product per capita, current prices",U.S. dollars,Units,"See notes for:  Gross domestic product, current prices (National currency) Population (Persons).","17,130.24","17,276.43","16,197.20","16,621.96","17,450.39","17,892.68","18,269.55","18,653.25",2018
Tunisia,"Gross domestic product per capita, current prices",U.S. dollars,Units,"See notes for:  Gross domestic product, current prices (National currency) Population (Persons).","3,411.13","3,292.59","3,295.45","3,380.08","3,394.77","3,402.95","3,541.17","3,742.06",2019
Turkey,"Gross domestic product per capita, current prices",U.S. dollars,Units,"See notes for:  Gross domestic product, current prices (National currency) Population (Persons).","9,506.84","9,150.86","7,715.37","7,658.85","8,381.12","9,290.93","10,051.29","10,888.24",2019
Turkmenistan,"Gross domestic product per capita, current prices",U.S. dollars,Units,"See notes for:  Gross domestic product, current prices (National currency) Population (Persons).","7,064.74","7,723.68","8,073.58","8,874.21","9,716.13","10,650.40","11,691.68","12,851.79",2004
Tuvalu,"Gross domestic product per capita, current prices",U.S. dollars,Units,"See notes for:  Gross domestic product, current prices (National currency) Population (Persons).","4,230.51","4,308.85","4,090.76","4,296.12","4,533.16","4,785.08","5,006.08","5,237.96",2012
Uganda,"Gross domestic product per capita, current prices",U.S. dollars,Units,"See notes for:  Gross domestic product, current prices (National currency) Population (Persons).",869.431,916.156,915.354,971.277,"1,030.32","1,082.22","1,162.64","1,261.21",2016
Ukraine,"Gross domestic product per capita, current prices",U.S. dollars,Units,"See notes for:  Gross domestic product, current prices (National currency) Population (Persons).","3,118.53","3,706.77","3,424.77","3,614.67","3,967.68","4,312.07","4,719.28","5,173.37",2019
United Arab Emirates,"Gross domestic product per capita, current prices",U.S. dollars,Units,"See notes for:  Gross domestic product, current prices (National currency) Population (Persons).","40,479.47","39,179.88","31,947.92","32,686.18","33,126.53","33,657.07","34,197.87","34,734.97",2005
United Kingdom,"Gross domestic product per capita, current prices",U.S. dollars,Units,"See notes for:  Gross domestic product, current prices (National currency) Population (Persons).","43,114.25","42,378.61","39,228.52","42,235.94","44,221.10","45,704.66","47,237.93","48,734.04",2019
United States,"Gross domestic product per capita, current prices",U.S. dollars,Units,"See notes for:  Gross domestic product, current prices (National currency) Population (Persons).","63,055.98","65,253.52","63,051.40","66,144.14","69,004.24","71,537.73","73,974.36","76,475.00",2019
Uruguay,"Gross domestic product per capita, current prices",U.S. dollars,Units,"See notes for:  Gross domestic product, current prices (National currency) Population (Persons).","17,064.60","16,110.74","15,331.72","16,297.36","17,143.65","17,945.27","18,685.89","19,527.72",2015
Uzbekistan,"Gross domestic product per capita, current prices",U.S. dollars,Units,"See notes for:  Gross domestic product, current prices (National currency) Population (Persons).","1,542.64","1,741.70","1,762.86","1,835.82","1,982.16","2,162.30","2,350.95","2,547.92",2019
Vanuatu,"Gross domestic product per capita, current prices",U.S. dollars,Units,"See notes for:  Gross domestic product, current prices (National currency) Population (Persons).","3,252.06","3,186.20","2,878.69","2,966.58","3,070.62","3,163.88","3,256.83","3,346.00",2017
Venezuela,"Gross domestic product per capita, current prices",U.S. dollars,Units,"See notes for:  Gross domestic product, current prices (National currency) Population (Persons).","3,404.43","2,299.31","1,739.11","1,585.89","1,544.04",n/a,n/a,n/a,2010
Vietnam,"Gross domestic product per capita, current prices",U.S. dollars,Units,"See notes for:  Gross domestic product, current prices (National currency) Population (Persons).","3,181.89","3,416.23","3,497.51","3,758.89","4,081.69","4,430.02","4,814.71","5,211.90",2019
West Bank and Gaza,"Gross domestic product per capita, current prices",U.S. dollars,Units,"See notes for:  Gross domestic product, current prices (National currency) Population (Persons).","3,358.05","3,426.21","2,894.07","3,059.73","3,184.92","3,239.72","3,295.55","3,353.92",2019
Yemen,"Gross domestic product per capita, current prices",U.S. dollars,Units,"See notes for:  Gross domestic product, current prices (National currency) Population (Persons).",762.136,713.072,645.126,572.558,522.835,500.451,503.135,524.345,2019
Zambia,"Gross domestic product per capita, current prices",U.S. dollars,Units,"See notes for:  Gross domestic product, current prices (National currency) Population (Persons).","1,519.45","1,318.47","1,001.44","1,005.56","1,021.61","1,042.90","1,061.97","1,067.06",2018
Zimbabwe,"Gross domestic product per capita, current prices",U.S. dollars,Units,"See notes for:  Gross domestic product, current prices (National currency) Population (Persons).","1,423.10","1,254.49",921.847,516.2,532.584,541.352,560.091,580.492,2017
,,,,,,,,,,,,,
"International Monetary Fund, World Economic Outlook Database, October 2020",,,,,,,,,,,,,